Number_of_threads,Sequential_time,Parallel_time,Speed_up
1,284.384,284.384,1
2,284.384,148.231,1.91851
3,284.384,101.081,2.81343
4,284.384,78.5737,3.61933
5,284.384,64.6939,4.39583
6,284.384,56.7344,5.01254
7,284.384,63.7382,4.46174
8,284.384,58.369,4.87217
9,284.384,52.9906,5.36668
10,284.384,51.4024,5.5325
11,284.384,48.9542,5.80918
12,284.384,45.6898,6.22423
